42,location,(41.9977653535896
42,address,2548+AC0-2550 w devon ave
42,dbaname,mysore woodlands
53,location,(42.008536400868735
53,address,11601 w touhy ave
53,dbaname,host international inc
67,location,(41.99798375025185
67,address,2032+AC0-2036 w devon ave
67,dbaname,ghareeb nawaz restaurant
153,location,(41.961499265953364
153,facilitytype,restaurant
153,dbaname,chicago waldorf school
160,location,(41.88123342371891
160,address,2550+AC0-2602 w madison st
160,dbaname,johnnys ice house
176,location,(41.99798375025185
176,address,2032+AC0-2036 w devon ave
176,dbaname,ghareeb nawaz restaurant
303,location,(42.008536400868735
303,facilitytype,restaurant
303,dbaname,garrett popcorn shops
383,location,(41.931094868682656
383,address,5805+AC0-5807 w diversey ave
383,dbaname,avenida del sabor
400,location,(41.90349669933936
400,facilitytype,restaurant
400,dbaname,near north montessori school
408,location,(42.008536400868735
408,address,11601 w touhy ave
408,dbaname,host international inc
462,location,(41.931094868682656
462,address,5805 w diversey ave
462,dbaname,avenida del sabor
503,location,(42.008536400868735
503,address,11601 w touhy ave
503,dbaname,host international inc
614,location,(41.96857277212391
614,address,3142+AC0-3148 w lawrence ave
614,dbaname,lindo michoacan
655,location,(41.94550975342797
655,address,3501+AC0-3505 n halsted st fl 1
655,dbaname,little jims
683,location,(41.96857277212391
683,address,3142+AC0-3148 w lawrence ave
683,dbaname,lindo michoacan
752,location,(41.791761831643065
752,facilitytype,restaurant
752,dbaname,little people learning
920,location,(41.791761831643065
920,facilitytype,restaurant
920,dbaname,little people learning
958,location,(41.943251259237634
958,address,2232 w roscoe st
958,dbaname,lush wine +ACY- spirits
964,location,(41.943251259237634
964,address,2232 w roscoe st
964,dbaname,lush wine +ACY- spirits
1044,location,(41.951064053085005
1044,address,3800+AC0-3804 n clark st
1044,dbaname,uncommon ground
1128,location,(41.951064053085005
1128,address,3800+AC0-3804 n clark st
1128,dbaname,uncommon ground
1196,location,(42.008536400868735
1196,address,11601 w touhy ave
1196,dbaname,host international inc
1256,location,(41.96315679416602
1256,address,4503+AC0-4505 n kedzie ave
1256,dbaname,el original gallo bravo
1466,location,(41.94231341336203
1466,address,3313+AC0-3319 n broadway
1466,dbaname,wakamono
1500,location,(41.9845361933454
1500,address,5633+AC0-5635 n ashland ave
1500,dbaname,lalibela restaurant
1529,location,(41.907572250968755
1529,facilitytype,school
1529,dbaname,british school of chicago
1657,location,(41.894662670242106
1657,facilitytype,daycare above and under 2 years
1657,dbaname,chicago childrens house
1821,location,(41.93121715112931
1821,facilitytype,restaurant
1821,dbaname,onward neighborhood house
1840,location,(41.909676222517476
1840,facilitytype,restaurant
1840,address,4301+AC0-4305 w north ave
1840,dbaname,buy low liquors
1843,location,(41.909676222517476
1843,facilitytype,restaurant
1843,address,4301+AC0-4305 w north ave
1843,dbaname,buy low liquors
1872,location,(41.94497417145062
1872,address,3463+AC0-3467 n broadway bldg
1872,dbaname,rocks lakeview
1996,location,(41.94231341336203
1996,address,3313+AC0-3319 n broadway
1996,dbaname,wakamono
2107,location,(42.008536400868735
2107,address,11601 w touhy ave
2107,dbaname,host international inc
2255,location,(42.008536400868735
2255,address,11601 w touhy ave
2255,dbaname,host international inc
2269,location,(41.892094136861786
2269,facilitytype,restaurant
2269,dbaname,churro factory
2275,location,(41.892094136861786
2275,facilitytype,restaurant
2275,dbaname,churro factory
2466,location,(42.008536400868735
2466,address,11601 w touhy ave
2466,dbaname,host international inc
2493,location,(41.909676222517476
2493,facilitytype,restaurant
2493,address,4301+AC0-4305 w north ave
2493,dbaname,buy low liquors
2505,location,(41.909676222517476
2505,facilitytype,restaurant
2505,address,4301+AC0-4305 w north ave
2505,dbaname,buy low liquors
2509,location,(41.97533413581096
2509,facilitytype,hospital
2509,dbaname,swedish covenant hospital
2522,location,(41.97533413581096
2522,facilitytype,restaurant
2522,dbaname,swedish covenant hospital
2536,location,(41.881241456803345
2536,address,1901 w madison st
2536,dbaname,bismarck enterprises/united
2572,location,(41.881241456803345
2572,address,1901 w madison st bldg
2572,dbaname,bismarck enterprises/united
2616,location,(41.69234712576441
2616,address,1200+AC0-1210 w 111th st
2616,dbaname,marathon
2695,location,(41.94738145671126
2695,address,3632+AC0-3640 n pulaski rd
2695,dbaname,la villa
3043,location,(41.92690699536436
3043,address,2453 n halsted st
3043,dbaname,noodles in the pot
3060,location,(41.995855875363404
3060,facilitytype,restaurant
3060,address,6300+AC0-6320 n california ave
3060,dbaname,astoria place living and rehab
3264,location,(41.87686736408027
3264,facilitytype,school
3264,dbaname,robert morris college
3274,location,(41.879562663527345
3274,address,118+AC0-130 s ashland ave
3274,dbaname,the little green treehouse
3281,location,(41.95310433686163
3281,address,3920 n clark st apt
3281,dbaname,clark/irving apartments
3282,location,(41.87686736408027
3282,facilitytype,restaurant
3282,dbaname,robert morris college
3318,location,(41.961499265953364
3318,facilitytype,restaurant
3318,dbaname,chicago waldorf school
3426,location,(41.92690699536436
3426,address,2453 n halsted st
3426,dbaname,noodles in the pot
3438,location,(41.95310433686163
3438,address,3920 n clark st apt
3438,dbaname,clark/irving apartments
3626,location,(41.9977653535896
3626,address,2548+AC0-2550 w devon ave
3626,dbaname,mysore woodlands
3658,location,(41.879562663527345
3658,address,118+AC0-130 s ashland ave
3658,dbaname,the little green treehouse
3726,location,(41.894662670242106
3726,facilitytype,restaurant
3726,dbaname,chicago childrens house
3808,location,(41.85104667463312
3808,address,2301 s indiana ave
3808,dbaname,mccormick place
3923,location,(41.88362128098054
3923,facilitytype,bakery
3923,dbaname,sugar bliss cake boutique
3976,location,(41.9977653535896
3976,address,2548+AC0-2550 w devon ave
3976,dbaname,mysore woodlands
4049,location,(41.943251259237634
4049,address,2232+AC0-2234 w roscoe st
4049,dbaname,lush wine +ACY- spirits
4053,location,(41.73204913540182
4053,address,8940+AC0-8944 s stony island ave
4053,dbaname,family den
4114,location,(41.89925505559848
4114,address,10+AC0-20 e delaware st
4114,dbaname,the talbott hotel
4243,location,(41.749873806501896
4243,facilitytype,restaurant
4243,dbaname,pathways to learning child care center
4324,location,(41.8806992461244
4324,facilitytype,restaurant
4324,dbaname,bright horizons chicago west loop
4461,location,(41.99496878030707
4461,address,6249+AC0-6251 n milwaukee
4461,dbaname,ings china king
4527,location,(41.89925505559848
4527,address,10+AC0-20 e delaware st
4527,dbaname,the talbott hotel
4713,location,(41.933388339085965
4713,facilitytype,restaurant
4713,dbaname,wee care daycare preschool
4720,location,(41.78040624754399
4720,facilitytype,restaurant
4720,address,1167+AC0-69 e 63rd st
4720,dbaname,tiny scholars academy
4849,location,(41.94738145671126
4849,address,3632+AC0-3640 n pulaski rd
4849,dbaname,la villa
4851,location,(41.96766364582441
4851,address,5619+AC0-5621 w lawrence ave
4851,dbaname,smakosz inc
4900,location,(41.91767649798009
4900,address,2003+AC0-2011 n western ave
4900,dbaname,lazos tacos
4978,location,(41.961499265953364
4978,facilitytype,restaurant
4978,dbaname,chicago waldorf school
5044,location,(41.892249163400116
5044,facilitytype,restaurant
5044,dbaname,giordanos navy pier
5181,location,(41.878014487249544
5181,facilitytype,restaurant
5181,dbaname,gateway newstand
5286,location,(41.91767649798009
5286,address,2003+AC0-2011 n western ave
5286,dbaname,lazos tacos
5359,location,(41.83827010545886
5359,address,420+AC0-422 w 31st st
5359,dbaname,chinese kitchen and sushi
5381,location,(41.73204913540182
5381,address,8940+AC0-8944 s stony island ave
5381,dbaname,family den
5396,location,(41.77110726848157
5396,address,4531+AC0-4535 w marquette rd
5396,dbaname,supermercado los cuates
5485,location,(41.8716986890444
5485,address,805 s state st
5485,dbaname,lou malnatis pizzeria
5536,location,(41.93300409973139
5536,address,420+AC0-422 w diversey pkwy
5536,dbaname,duffys tavern +ACY- grille
5552,location,(41.97192459527153
5552,facilitytype,restaurant
5552,dbaname,south+AC0-east asia center
5654,location,(41.75128530466005
5654,address,522+AC0-524 e 79th st
5654,dbaname,caribbean spice
5736,location,(41.88362128098054
5736,facilitytype,bakery
5736,dbaname,sugar bliss cake boutique
5751,location,(41.87279886935482
5751,facilitytype,restaurant
5751,dbaname,chicago hilton +ACY- towers
5823,location,(41.83827010545886
5823,address,420+AC0-422 w 31st st
5823,dbaname,chinese kitchen and sushi
6012,location,(41.884187507127805
6012,facilitytype,restaurant
6012,dbaname,beavers coffee +ACY- donuts
6080,location,(41.884187507127805
6080,facilitytype,restaurant
6080,dbaname,beavers coffee +ACY- donuts
6111,location,(41.9977653535896
6111,address,2548+AC0-2550 w devon ave
6111,dbaname,mysore woodlands
6126,location,(41.74988142522215
6126,facilitytype,restaurant
6126,dbaname,pathways to learning
6139,location,(41.91477744637897
6139,facilitytype,daycare (2 +AC0- 6 years)
6139,dbaname,the chalkboard inc
6205,location,(41.91849213778706
6205,address,2008 n halsted st
6205,dbaname,subway
6274,location,(41.9845361933454
6274,address,5633+AC0-5635 n ashland ave
6274,dbaname,lalibela restaurant
6313,location,(41.83674601465663
6313,facilitytype,restaurant
6313,dbaname,panchos ice cream
6368,location,(42.00273166409286
6368,address,6727+AC0-6733 n olmsted ave
6368,dbaname,morettis
6473,location,(41.888096290381576
6473,facilitytype,restaurant
6473,dbaname,londonhouse hotel
6515,location,(41.89983492074242
6515,facilitytype,restaurant
6515,dbaname,waldorf astoria chicago
6620,location,(41.89896533484934
6620,facilitytype,restaurant
6620,address,900 n north branch st
6620,dbaname,kendall college
6684,location,(41.892094136861786
6684,facilitytype,restaurant
6684,dbaname,completely nuts
6704,location,(41.892094136861786
6704,facilitytype,restaurant
6704,dbaname,completely nuts
6775,location,(41.88188622746245
6775,facilitytype,restaurant
6775,dbaname,lloyds chicago restaurant
6790,location,(41.99798375025185
6790,address,2032+AC0-2036 w devon ave
6790,dbaname,ghareeb nawaz restaurant
6848,location,(41.91849213778706
6848,address,2008 n halsted st
6848,dbaname,subway
6882,location,(41.7943165619035
6882,address,305+AC0-307 e garfield
6882,dbaname,currency exchange cafe
6886,location,(41.92259746567477
6886,address,2294+AC0-94 1/2 n milwaukee ave
6886,dbaname,cozy corner diner and pancake house
6887,location,(41.7943165619035
6887,address,305+AC0-307 e garfield
6887,dbaname,currency exchange cafe
6890,location,(42.00273166409286
6890,address,6727+AC0-6733 n olmsted ave
6890,dbaname,morettis
6974,location,(41.92259746567477
6974,address,2294+AC0-94 1/2 n milwaukee ave
6974,dbaname,cozy corner diner and pancake house
7060,location,(41.89896533484934
7060,facilitytype,restaurant
7060,address,900 n north branch
7060,dbaname,kendall college
7080,location,(41.89896533484934
7080,facilitytype,college
7080,address,900 n north branch st
7080,dbaname,kendall college
7096,location,(41.99798375025185
7096,address,2032+AC0-2036 w devon ave
7096,dbaname,ghareeb nawaz restaurant
7219,location,(41.931981578313795
7219,address,2815+AC0-2817 w diversey ave
7219,dbaname,l patron
7228,location,(41.87984160939149
7228,facilitytype,daycare (2 +AC0- 6 years)
7228,dbaname,intercultural montessori language school
7240,location,(41.888096290381576
7240,facilitytype,banquet/kitchen
7240,dbaname,londonhouse hotel
7249,location,(41.87984160939149
7249,facilitytype,daycare (2 +AC0- 6 years)
7249,dbaname,intercultural montessori language school
7298,location,(41.77139058907717
7298,address,4308+AC0-4310 w marquette rd
7298,dbaname,mis tacos mexican food
7320,location,(41.888096290381576
7320,facilitytype,restaurant
7320,dbaname,londonhouse hotel
7420,location,(41.888096290381576
7420,facilitytype,banquet/kitchen
7420,dbaname,londonhouse hotel
7473,location,(41.7943165619035
7473,address,305+AC0-307 e garfield
7473,dbaname,currency exchange cafe
7492,location,(41.888096290381576
7492,facilitytype,restaurant
7492,dbaname,londonhouse hotel
7496,location,(41.888096290381576
7496,facilitytype,banquet/kitchen
7496,dbaname,londonhouse hotel
7498,location,(41.888096290381576
7498,facilitytype,restaurant
7498,dbaname,londonhouse hotel
7500,location,(41.7943165619035
7500,address,305+AC0-307 e garfield
7500,dbaname,currency exchange cafe
7512,location,(41.7943165619035
7512,address,305 e garfield blvd
7512,dbaname,currency exchange cafe
7829,location,(41.961499265953364
7829,facilitytype,school
7829,dbaname,chicago waldorf school
7983,location,(41.88188622746245
7983,facilitytype,restaurant
7983,dbaname,lloyds chicago restaurant
8000,location,(41.85094352340354
8000,facilitytype,daycare (2 +AC0- 6 years)
8000,dbaname,pui tak christian school
8054,location,(41.7943165619035
8054,address,305+AC0-307 e garfield
8054,dbaname,currency exchange cafe
8360,location,(41.884083234870886
8360,facilitytype,daycare combo 1586
8360,dbaname,montessori academy of chicago i
8502,location,(41.88188622746245
8502,facilitytype,restaurant
8502,dbaname,lloyds chicago restaurant
8611,location,(41.80839591793109
8611,facilitytype,restaurant
8611,dbaname,bambi
8639,location,(41.878014487249544
8639,facilitytype,restaurant
8639,dbaname,gateway newstand
8748,location,(41.78027237989979
8748,address,717+AC0-719 e 63rd st
8748,dbaname,kidz creative concepts learning center
8757,location,(41.78027237989979
8757,address,717+AC0-723 e 63rd st
8757,dbaname,kidz creative concepts learning center
8799,location,(41.655906736353224
8799,facilitytype,daycare above and under 2 years
8799,dbaname,altgeld gardens daycare
8801,location,(41.80839591793109
8801,facilitytype,push carts
8801,dbaname,bambi
8805,location,(41.80839591793109
8805,facilitytype,restaurant
8805,dbaname,bambi
8855,location,(41.84467072147077
8855,address,2637 s throop st
8855,dbaname,helados mundos
8872,location,(41.884083234870886
8872,facilitytype,school
8872,dbaname,montessori academy of chicago i
8875,location,(41.884083234870886
8875,facilitytype,daycare combo 1586
8875,dbaname,montessori academy of chicago i
8884,location,(41.884083234870886
8884,facilitytype,restaurant
8884,dbaname,montessori academy of chicago i
8912,location,(41.951064053085005
8912,address,3800+AC0-3804 n clark st
8912,dbaname,uncommon ground
8932,location,(41.84467072147077
8932,address,2637 s throop st
8932,dbaname,helados mundos
9044,location,(41.729071788192
9044,facilitytype,restaurant
9044,dbaname,moore house
9073,location,(41.91767649798009
9073,address,2003+AC0-2011 n western ave
9073,dbaname,lazos tacos
9150,location,(41.943432313397565
9150,address,3400 n ashland ave
9150,dbaname,cafe el tapatio
9152,location,(41.943432313397565
9152,address,3400+AC0-3402 n ashland ave
9152,dbaname,cafe el tapatio
9158,location,(41.943432313397565
9158,address,3400+AC0-3402 n ashland ave
9158,dbaname,cafe el tapatio
9170,location,(41.884187507127805
9170,facilitytype,restaurant
9170,dbaname,beavers coffee +ACY- donuts
9265,location,(42.008536400868735
9265,address,11601 w touhy ave
9265,dbaname,host international inc
9405,location,(41.951064053085005
9405,address,3800+AC0-3804 n clark st
9405,dbaname,uncommon ground
9528,location,(41.93624830273888
9528,address,2945+AC0-2947 n broadway ave
9528,dbaname,pastoral
9598,location,(42.008536400868735
9598,address,11601 w touhy ave
9598,dbaname,host international inc
9625,location,(41.85094352340354
9625,facilitytype,school
9625,dbaname,pui tak christian school
9803,location,(41.931094868682656
9803,address,5805 w diversey ave
9803,dbaname,avenida del sabor
9835,location,(41.77868468007933
9835,facilitytype,daycare (2 +AC0- 6 years)
9835,dbaname,the learning circle
10053,location,(41.93575126195393
10053,address,3018+AC0-3020 n cicero ave
10053,dbaname,sol de mexico tierra azteca
10059,location,(41.99800008495619
10059,facilitytype,daycare combo 1586
10059,dbaname,little kiddies inc.
10061,location,(41.99800008495619
10061,facilitytype,daycare combo 1586
10061,dbaname,little kiddies inc.
10231,location,(41.903372713964224
10231,address,1804+AC0-1806 w division st
10231,dbaname,smoke daddy
10376,location,(41.91795127107318
10376,facilitytype,daycare above and under 2 years
10376,dbaname,the goddard school chicago
10455,location,(41.87532906210967
10455,address,3435 w van buren
10455,dbaname,rml chicago
10470,location,(41.87532906210967
10470,address,3435 w van buren
10470,dbaname,rml chicago
10584,location,(41.92793172691967
10584,address,2555+AC0-2557 n pulaski rd
10584,dbaname,el cubanito
10621,location,(41.80839591793109
10621,facilitytype,push carts
10621,dbaname,bambi
10667,location,(41.903372713964224
10667,address,1804+AC0-1806 w division st
10667,dbaname,smoke daddy
11045,location,(41.994458784776384
11045,facilitytype,convenience
11045,dbaname,ins market
11153,location,(41.994458784776384
11153,facilitytype,convenience
11153,dbaname,ins market
11247,location,(41.88458626715456
11247,address,100 w randolph st ste c+AC0-19
11247,dbaname,dunkin donuts
11557,location,(41.93624830273888
11557,address,2945+AC0-2947 n broadway ave
11557,dbaname,pastoral
11633,location,(41.994458784776384
11633,facilitytype,convenience
11633,dbaname,ins market
11636,location,(41.994458784776384
11636,facilitytype,convenience
11636,dbaname,ins market
11658,location,(41.91767649798009
11658,address,2003+AC0-2011 n western ave
11658,dbaname,lazos tacos
11662,location,(41.91767649798009
11662,address,2003+AC0-2011 n western ave
11662,dbaname,lazos tacos
11679,location,(41.91767649798009
11679,address,2003+AC0-2009 n western ave
11679,dbaname,lazos tacos
11706,location,(41.89983492074242
11706,facilitytype,restaurant
11706,dbaname,waldorf astoria chicago
11780,location,(41.880225571810314
11780,facilitytype,restaurant
11780,dbaname,little folks cottage inc
11786,location,(41.77883224217794
11786,address,3816+AC0-3818 w 63rd st
11786,dbaname,la quebrada +ACM-5
11828,location,(41.92259746567477
11828,address,2294 1/2 n milwaukee ave
11828,dbaname,cozy corner diner and pancake house
12086,location,(41.994458784776384
12086,facilitytype,convenience
12086,dbaname,ins market
12091,location,(41.994458784776384
12091,facilitytype,convenience
12091,dbaname,ins market
12254,location,(41.88458626715456
12254,address,100 w randolph st
12254,dbaname,dunkin donuts
12739,location,(41.95453268893165
12739,address,4000+AC0-4004 n sheridan rd
12739,dbaname,holiday club
12850,location,(42.00273166409286
12850,address,6727+AC0-6733 n olmsted ave
12850,dbaname,morettis
12970,location,(41.998008500459655
12970,facilitytype,daycare (2 +AC0- 6 years)
12970,dbaname,out on faith learning center
12971,location,(42.00273166409286
12971,address,6727+AC0-6733 n olmsted ave
12971,dbaname,morettis
12975,location,(41.998008500459655
12975,facilitytype,daycare (2 +AC0- 6 years)
12975,dbaname,out on faith learning center
13049,location,(41.88183546590967
13049,facilitytype,bakery
13049,dbaname,dunkin donuts
13324,location,(41.7943165619035
13324,address,305 e garfield blvd
13324,dbaname,currency exchange cafe
13458,location,(41.89983492074242
13458,facilitytype,restaurant
13458,dbaname,waldorf astoria chicago
13461,location,(41.89983492074242
13461,facilitytype,restaurant
13461,dbaname,waldorf astoria chicago
13499,location,(41.99496878030707
13499,address,6249+AC0-6251 n milwaukee
13499,dbaname,ings china king
13504,location,(41.95453268893165
13504,address,4000+AC0-4004 n sheridan rd
13504,dbaname,holiday club
13629,location,(41.75128530466005
13629,address,522 e 79th st
13629,dbaname,caribbean spice
13642,location,(41.88183546590967
13642,facilitytype,restaurant
13642,dbaname,dunkin donuts
13727,location,(41.75128530466005
13727,address,522 e 79th st
13727,dbaname,caribbean spice
13769,location,(41.7943165619035
13769,address,305 e garfield blvd
13769,dbaname,currency exchange cafe
13771,location,(41.884187507127805
13771,facilitytype,restaurant
13771,dbaname,beavers coffee +ACY- donuts
13805,location,(41.87655166174297
13805,address,815 w van buren
13805,dbaname,giordanos of greektown
13833,location,(41.99496878030707
13833,address,6249+AC0-6251 n milwaukee
13833,dbaname,ings china king
14008,location,(41.94002723561704
14008,address,958 +AC0- 960 w belmont ave
14008,dbaname,cheesies pub +ACY- grub
14016,location,(41.70727358161855
14016,address,2 w 103rd st
14016,dbaname,sky lake chinese kitchen
14147,location,(41.94002723561704
14147,address,958 +AC0- 960 w belmont ave
14147,dbaname,cheesies pub +ACY- grub
14301,location,(41.87279886935482
14301,facilitytype,restaurant
14301,dbaname,chicago hilton +ACY- towers
14349,location,(41.75128530466005
14349,address,522 e 79th st
14349,dbaname,caribbean spice
14421,location,(41.990520089587605
14421,address,5951+AC0-5953 n broadway
14421,dbaname,indie cafe
14422,location,(41.884187507127805
14422,facilitytype,restaurant
14422,dbaname,beavers coffee +ACY- donuts
14589,location,(42.008536400868735
14589,address,11601 w touhy ave
14589,dbaname,host international inc
14638,location,(41.94002723561704
14638,address,958 +AC0- 960 w belmont ave
14638,dbaname,cheesies pub +ACY- grub
14640,location,(41.87279886935482
14640,facilitytype,restaurant
14640,dbaname,chicago hilton +ACY- towers
14650,location,(41.87279886935482
14650,facilitytype,employee kitchen
14650,dbaname,chicago hilton +ACY- towers
14871,location,(41.8716986890444
14871,address,805 s state st
14871,dbaname,lou malnatis pizzeria
14962,location,(41.931981578313795
14962,address,2815+AC0-2817 w diversey ave
14962,dbaname,l patron
14995,location,(41.90367478181266
14995,facilitytype,restaurant
14995,dbaname,chicago q
15063,location,(41.90367478181266
15063,facilitytype,restaurant
15063,dbaname,chicago q
15091,location,(41.89983492074242
15091,facilitytype,restaurant
15091,dbaname,waldorf astoria chicago
15173,location,(42.008536400868735
15173,address,11601 w touhy ave
15173,dbaname,host international inc
15198,location,(41.77110726848157
15198,address,4531+AC0-35 w marquette rd
15198,dbaname,supermercado los cuates
15218,location,(42.008536400868735
15218,address,11601 w touhy ave
15218,dbaname,host international inc
15336,location,(41.71334157464564
15336,facilitytype,school
15336,dbaname,beverly montessori school
15392,location,(41.706792177425825
15392,facilitytype,daycare above and under 2 years
15392,dbaname,the lords hands daycare
15524,location,(41.706792177425825
15524,facilitytype,daycare above and under 2 years
15524,dbaname,the lords hands daycare
15526,location,(41.77110726848157
15526,address,4531+AC0-4535 w marquette rd
15526,dbaname,supermercado los cuates
15538,location,(41.71334157464564
15538,facilitytype,daycare (2 +AC0- 6 years)
15538,dbaname,beverly montessori school
15544,location,(41.91849213778706
15544,address,2008 n halsted st
15544,dbaname,subway
15698,location,(41.706792177425825
15698,facilitytype,daycare above and under 2 years
15698,dbaname,the lords hands daycare
15756,location,(41.79510461857906
15756,facilitytype,restaurant
15756,dbaname,open produce
15851,location,(41.94550975342797
15851,address,3501+AC0-3505 n halsted st fl 1
15851,dbaname,little jims
15887,location,(41.94550975342797
15887,address,3501 n halsted st
15887,dbaname,little jims
15936,location,(41.89983492074242
15936,facilitytype,restaurant
15936,dbaname,waldorf astoria chicago
15938,location,(41.89983492074242
15938,facilitytype,restaurant
15938,dbaname,waldorf astoria chicago
16213,location,(41.998008500459655
16213,facilitytype,daycare (2 +AC0- 6 years)
16213,dbaname,out on faith learning center
16237,location,(41.909676222517476
16237,facilitytype,restaurant
16237,address,4301+AC0-4305 w north ave
16237,dbaname,buy low liquors
16350,location,(41.99798375025185
16350,address,2032+AC0-2036 w devon ave
16350,dbaname,ghareeb nawaz restaurant
16538,location,(41.909676222517476
16538,facilitytype,restaurant
16538,address,4301+AC0-4305 w north ave
16538,dbaname,buy low liquors
16862,location,(41.69234712576441
16862,address,1200+AC0-1210 w 111th st
16862,dbaname,marathon
16865,location,(41.69234712576441
16865,address,1200 w 111th st
16865,dbaname,marathon
16866,location,(41.69234712576441
16866,address,1200 w 111th st
16866,dbaname,marathon
16884,location,(41.91767649798009
16884,address,2003+AC0-2009 n western ave
16884,dbaname,lazos tacos
17023,location,(42.008536400868735
17023,address,11601 w touhy ave
17023,dbaname,host international inc
17046,location,(41.81621346608599
17046,address,4310+AC0-4314 s prairie ave
17046,dbaname,the game
17179,location,(42.008536400868735
17179,address,11601 w touhy ave
17179,dbaname,host international inc
17264,location,(41.943432313397565
17264,address,3400 n ashland ave
17264,dbaname,cafe el tapatio
17284,location,(41.69234712576441
17284,address,1200 w 111th st
17284,dbaname,marathon
17304,location,(41.88183546590967
17304,facilitytype,restaurant
17304,dbaname,dunkin donuts
17307,location,(41.91767649798009
17307,address,2003+AC0-2009 n western ave
17307,dbaname,lazos tacos
17476,location,(41.749914910076974
17476,facilitytype,restaurant
17476,dbaname,lordanchild christian day care inc.
17640,location,(42.008536400868735
17640,facilitytype,restaurant
17640,dbaname,garrett popcorn shops
17697,location,(41.87984160939149
17697,facilitytype,school
17697,dbaname,intercultural montessori language school
17714,location,(41.892094136861786
17714,facilitytype,restaurant
17714,dbaname,completely nuts
17728,location,(41.88458626715456
17728,address,100 w randolph st ste c+AC0-19
17728,dbaname,dunkin donuts
17748,location,(41.88458626715456
17748,address,100 w randolph st
17748,dbaname,dunkin donuts
17819,location,(41.93575126195393
17819,address,3018+AC0-3020 n cicero ave
17819,dbaname,sol de mexico tierra azteca
17830,location,(42.008536400868735
17830,address,11601 w touhy ave
17830,dbaname,host international inc
18144,location,(41.883040604417964
18144,address,101 n western ave
18144,dbaname,dunkin donuts
18147,location,(41.883040604417964
18147,address,101+AC0-111 n western ave
18147,dbaname,dunkin donuts
18245,location,(42.008536400868735
18245,address,11601 w touhy ave
18245,dbaname,host international inc
18299,location,(41.87655166174297
18299,address,815 w van buren
18299,dbaname,giordanos of greektown
18305,location,(41.909404662965976
18305,address,5133+AC0-5153 w north ave
18305,dbaname,bp
18344,location,(41.94000063078428
18344,address,3246 n central ave
18344,dbaname,retro cafe restaurant
18347,location,(41.94000063078428
18347,address,3246+AC0-3248 n central ave
18347,dbaname,retro cafe restaurant
18352,location,(41.94000063078428
18352,address,3246+AC0-3248 n central ave
18352,dbaname,retro cafe restaurant
18390,location,(41.909404662965976
18390,address,5133 w north ave
18390,dbaname,bp
18426,location,(41.94231341336203
18426,address,3313+AC0-3319 n broadway
18426,dbaname,wakamono
18429,location,(41.93624830273888
18429,address,2945+AC0-2947 n broadway ave
18429,dbaname,pastoral
18440,location,(42.008536400868735
18440,dbaname,host international inc.
18440,zip,60606
18543,location,(41.89983492074242
18543,facilitytype,restaurant
18543,dbaname,waldorf astoria chicago
18552,location,(41.89983492074242
18552,facilitytype,restaurant
18552,dbaname,waldorf astoria chicago
18570,location,(41.89983492074242
18570,facilitytype,restaurant
18570,dbaname,waldorf astoria chicago
18610,location,(41.88188622746245
18610,facilitytype,restaurant
18610,dbaname,lloyds chicago restaurant
18690,location,(41.87655166174297
18690,address,815 w van buren
18690,dbaname,giordanos of greektown
18799,location,(41.90790946673667
18799,facilitytype,daycare above and under 2 years
18799,dbaname,american kidz academy
18829,location,(41.94231341336203
18829,address,3313+AC0-3319 n broadway
18829,dbaname,wakamono
18869,location,(41.94000063078428
18869,address,3246+AC0-3248 n central ave
18869,dbaname,retro cafe restaurant
18899,location,(41.94000063078428
18899,address,3246+AC0-3248 n central ave
18899,dbaname,retro cafe restaurant
18944,location,(41.94231341336203
18944,address,3313+AC0-3319 n broadway
18944,dbaname,wakamono
18952,location,(41.93624830273888
18952,address,2945+AC0-2947 n broadway ave
18952,dbaname,pastoral
19051,location,(41.89983492074242
19051,facilitytype,restaurant
19051,dbaname,waldorf astoria chicago
19119,location,(41.74988142522215
19119,facilitytype,restaurant
19119,dbaname,pathways to learning
19127,location,(41.749873806501896
19127,facilitytype,restaurant
19127,dbaname,pathways to learning child care center
19156,location,(41.89983492074242
19156,facilitytype,restaurant
19156,dbaname,waldorf astoria chicago
19212,location,(41.88123342371891
19212,address,2550+AC0-2602 w madison st
19212,dbaname,johnnys ice house
19256,location,(41.89983492074242
19256,facilitytype,restaurant
19256,dbaname,waldorf astoria chicago
19622,location,(41.733410005055205
19622,facilitytype,bakery
19622,dbaname,marzeya bakery
19624,location,(41.94231341336203
19624,address,3313+AC0-3319 n broadway
19624,dbaname,wakamono
19754,location,(41.69234712576441
19754,address,1200+AC0-1210 w 111th st
19754,dbaname,marathon
19819,location,(41.98857518279947
19819,facilitytype,daycare (2 +AC0- 6 years)
19819,dbaname,resurrection medical center
20226,location,(41.96857277212391
20226,address,3142+AC0-3148 w lawrence ave
20226,dbaname,lindo michoacan
20305,location,(41.83920683228708
20305,address,3020+AC0-3022 s halsted st
20305,dbaname,mcdonalds
20342,location,(41.75111680314462
20342,facilitytype,restaurant
20342,dbaname,perfect beginnings child development center
20356,location,(41.73945838739822
20356,facilitytype,restaurant
20356,dbaname,new knowledge learning center
20459,location,(42.00273166409286
20459,address,6727+AC0-6733 n olmsted ave
20459,dbaname,morettis
20789,location,(41.655906736353224
20789,facilitytype,daycare above and under 2 years
20789,dbaname,altgeld gardens daycare
20871,location,(41.96766364582441
20871,address,5619 w lawrence ave
20871,dbaname,smakosz inc
21022,location,(41.951064053085005
21022,address,3800+AC0-3804 n clark st
21022,dbaname,uncommon ground
21215,location,(41.9793096533148
21215,facilitytype,school
21215,dbaname,brickton montessori school
21220,location,(41.9793096533148
21220,facilitytype,school
21220,dbaname,brickton montessori school
21257,location,(41.8806992461244
21257,facilitytype,restaurant
21257,dbaname,bright horizons chicago west loop
21261,location,(41.8806992461244
21261,facilitytype,daycare (2 +AC0- 6 years)
21261,dbaname,bright horizons chicago west loop
21263,location,(41.8806992461244
21263,facilitytype,restaurant
21263,dbaname,bright horizons chicago west loop
21368,location,(41.791761831643065
21368,facilitytype,restaurant
21368,dbaname,little people learning
21370,location,(41.90349669933936
21370,facilitytype,restaurant
21370,dbaname,near north montessori school
21378,location,(41.90349669933936
21378,facilitytype,restaurant
21378,dbaname,near north montessori school
21515,location,(41.73684776335349
21515,facilitytype,daycare combo 1586
21515,dbaname,tots express learning center
21531,location,(41.80058537744086
21531,address,4334+AC0-4338 w 51st st
21531,dbaname,supermercado rivera inc.
21648,location,(41.894662670242106
21648,facilitytype,restaurant
21648,dbaname,chicago childrens house
21700,location,(41.87686736408027
21700,facilitytype,school
21700,dbaname,robert morris college
21747,location,(42.00273166409286
21747,address,6727+AC0-6733 n olmsted ave
21747,dbaname,morettis
21762,location,(41.99798375025185
21762,address,2032+AC0-2034 w devon ave
21762,dbaname,ghareeb nawaz restaurant
21771,location,(41.99798375025185
21771,address,2032+AC0-2036 w devon ave
21771,dbaname,ghareeb nawaz restaurant
21887,location,(41.968553831007675
21887,facilitytype,restaurant
21887,dbaname,adler school inc
22048,location,(41.94497417145062
22048,address,3463+AC0-3467 n broadway bldg
22048,dbaname,rocks lakeview
22098,location,(41.73684776335349
22098,facilitytype,daycare combo 1586
22098,dbaname,tots express learning center
22105,location,(41.89896533484934
22105,facilitytype,restaurant
22105,address,900 n north branch
22105,dbaname,kendall college
22110,location,(41.89896533484934
22110,facilitytype,restaurant
22110,address,900 n north branch st
22110,dbaname,kendall college
22157,location,(41.73684776335349
22157,facilitytype,daycare combo 1586
22157,dbaname,tots express learning center
22164,location,(41.951064053085005
22164,address,3800+AC0-3804 n clark st
22164,dbaname,uncommon ground
22284,location,(41.90367478181266
22284,facilitytype,restaurant
22284,dbaname,chicago q
22313,location,(41.892094136861786
22313,facilitytype,restaurant
22313,dbaname,churro factory
22316,location,(41.96048824521629
22316,facilitytype,restaurant
22316,dbaname,kids world day care
22564,location,(41.892094136861786
22564,facilitytype,restaurant
22564,dbaname,churro factory
22577,location,(41.83827010545886
22577,address,420+AC0-422 w 31st st
22577,dbaname,chinese kitchen and sushi
22817,location,(41.8806992461244
22817,facilitytype,restaurant
22817,dbaname,bright horizons chicago west loop
22847,location,(41.78040624754399
22847,facilitytype,daycare above and under 2 years
22847,address,1167 e 63rd st
22847,dbaname,tiny scholars academy
22852,location,(41.95453268893165
22852,address,4000+AC0-4004 n sheridan rd
22852,dbaname,holiday club
22954,location,(41.78040624754399
22954,facilitytype,restaurant
22954,address,1167+AC0-69 e 63rd st
22954,dbaname,tiny scholars academy
23208,location,(42.008536400868735
23208,address,11601 w touhy ave
23208,dbaname,host international inc
23341,location,(41.95453268893165
23341,address,4000+AC0-4004 n sheridan rd
23341,dbaname,holiday club
23397,location,(41.78027237989979
47559,dbaname,garrett popcorn shops
47598,location,(41.836371827384944
47598,facilitytype,restaurant
47598,dbaname,illinois institute of technology
47851,location,(41.733410005055205
47851,facilitytype,bakery
47851,dbaname,marzeya bakery
47862,location,(41.733410005055205
47862,facilitytype,bakery
47862,dbaname,marzeya bakery
48097,location,(42.008536400868735
48097,address,11601 w touhy ave
48097,dbaname,host international inc
48160,location,(42.008536400868735
48160,facilitytype,restaurant
48160,dbaname,garrett popcorn shops
48223,location,(42.008536400868735
48223,address,11601 w touhy ave
48223,dbaname,host international inc
48313,location,(41.88188622746245
48313,facilitytype,restaurant
48313,dbaname,lloyds chicago restaurant
48411,location,(41.77883224217794
48411,address,3816 w 63rd st
48411,dbaname,la quebrada #5
48589,location,(41.943432313397565
48589,address,3400 n ashland ave
48589,dbaname,cafe el tapatio
48818,location,(41.83674601465663
48818,facilitytype,restaurant
48818,dbaname,panchos ice cream
48819,location,(42.008536400868735
48819,address,11601 w touhy ave
48819,dbaname,host international inc
49318,location,(42.008536400868735
49318,address,11601 w touhy ave
49318,dbaname,host international inc
49463,location,(41.99798375025185
49463,address,2032-2034 w devon ave
49463,dbaname,ghareeb nawaz restaurant
49525,location,(41.892094136861786
49525,facilitytype,restaurant
49525,dbaname,completely nuts
49528,location,(41.892094136861786
49528,facilitytype,restaurant
49528,dbaname,completely nuts
49531,location,(41.892094136861786
49531,facilitytype,restaurant
49531,dbaname,completely nuts
49546,location,(41.87984160939149
49546,facilitytype,daycare (2 - 6 years)
49546,dbaname,intercultural montessori language school
49607,location,(41.883040604417964
49607,address,101-111 n western ave
49607,dbaname,dunkin donuts
49644,location,(41.93114908503803
49644,facilitytype,paleteria
49644,dbaname,paleteria oso polar
49695,location,(41.93624830273888
49695,address,2945-2947 n broadway ave
49695,dbaname,pastoral
49939,location,(41.80839591793109
49939,facilitytype,restaurant
49939,dbaname,bambi
49960,location,(41.892094136861786
49960,facilitytype,restaurant
49960,dbaname,completely nuts
49989,location,(41.87984160939149
49989,facilitytype,daycare (2 - 6 years)
49989,dbaname,intercultural montessori language school
50053,location,(41.89896533484934
50053,facilitytype,college
50053,address,900 n north branch st
50053,dbaname,kendall college
50065,location,(41.89896533484934
50065,facilitytype,restaurant
50065,address,900 n north branch st
50065,dbaname,the river walk at kendall
50129,location,(41.7943165619035
50129,address,305 e garfield blvd
50129,dbaname,currency exchange cafe
50144,location,(41.87984160939149
50144,facilitytype,daycare (2 - 6 years)
50144,dbaname,intercultural montessori language school
50331,location,(41.99496878030707
50331,address,6249-6251 n milwaukee
50331,dbaname,ings china king
50478,location,(41.80058537744086
50478,address,4334-4338 w 51st st
50478,dbaname,supermercado rivera inc.
50530,location,(41.96766364582441
50530,address,5619-5621 w lawrence ave
50530,dbaname,smakosz inc
50534,location,(41.70727358161855
50534,address,2 w 103rd st
50534,dbaname,sky lake chinese kitchen
50600,location,(41.801134224007924
50600,address,2706 w 51st st bldg
50600,dbaname,citgo gas
50627,location,(41.801134224007924
50627,address,2706 w 51st st
50627,dbaname,citgo gas
50641,location,(41.96766364582441
50641,address,5619-5621 w lawrence ave
50641,dbaname,smakosz inc
50705,location,(41.96766364582441
50705,address,5619 w lawrence ave
50705,dbaname,smakosz inc
50724,location,(41.96766364582441
50724,address,5619-5621 w lawrence ave
50724,dbaname,smakosz inc
50787,location,(41.80058537744086
50787,address,4334-4338 w 51st st
50787,dbaname,supermercado rivera inc.
50882,location,(41.85094352340354
50882,facilitytype,school
50882,dbaname,pui tak christian school
50893,location,(41.85094352340354
50893,facilitytype,school
50893,dbaname,pui tak christian school
50916,location,(41.879562663527345
50916,address,118-130 s ashland ave
50916,dbaname,the little green treehouse
50917,location,(41.879562663527345
50917,address,118-130 s ashland ave
50917,dbaname,the little green treehouse
50993,location,(41.968553831007675
50993,facilitytype,restaurant
50993,dbaname,adler school inc
51152,location,(41.87633988339735
51152,facilitytype,restaurant
51152,dbaname,canteen @ malcolm x college
51287,location,(41.89983492074242
51287,facilitytype,restaurant
51287,dbaname,waldorf astoria chicago
51306,location,(41.92259746567477
51306,address,2294 1/2 n milwaukee ave
51306,dbaname,cozy corner diner and pancake house
51375,location,(41.879562663527345
51375,address,118-130 s ashland ave
51375,dbaname,the little green treehouse
51377,location,(41.879562663527345
51377,address,118-130 s ashland ave
51377,dbaname,the little green treehouse
51443,location,(41.99798375025185
51443,address,2032-2034 w devon ave
51443,dbaname,ghareeb nawaz restaurant
51606,location,(41.87633988339735
51606,facilitytype,restaurant
51606,dbaname,canteen @ malcolm x college
51728,location,(41.89983492074242
51728,facilitytype,restaurant
51728,dbaname,waldorf astoria chicago
51732,location,(41.89983492074242
51732,facilitytype,restaurant
51732,dbaname,waldorf astoria chicago
51770,location,(41.913468230167666
51770,address,1720-1780 n marcey st
51770,dbaname,binnys beverage depot
51774,location,(41.9977653535896
51774,address,2548-2550 w devon ave
51774,dbaname,mysore woodlands
51792,location,(41.90790946673667
51792,facilitytype,daycare above and under 2 years
51792,dbaname,american kidz academy
51825,location,(41.884083234870886
51825,facilitytype,school
51825,dbaname,montessori academy of chicago i
51833,location,(41.90790946673667
51833,facilitytype,daycare
51833,dbaname,american kidz academy
52020,location,(41.77883224217794
52020,address,3816-3818 w 63rd st
52020,dbaname,la quebrada #5
52029,location,(41.77883224217794
52029,address,3816-3818 w 63rd st
52029,dbaname,la quebrada #5
52086,location,(41.80839591793109
52086,facilitytype,restaurant
52086,dbaname,bambi
52088,location,(41.80839591793109
52088,facilitytype,restaurant
52088,dbaname,bambi
52093,location,(41.80839591793109
52093,facilitytype,restaurant
52093,dbaname,bambi
52120,location,(41.83827010545886
52120,address,420-422 w 31st st
52120,dbaname,chinese kitchen and sushi
52168,location,(41.907572250968755
52168,facilitytype,school
52168,dbaname,british school of chicago
52172,location,(41.77139058907717
52172,address,4308-4310 w marquette rd
52172,dbaname,mis tacos mexican food
52177,location,(41.80839591793109
52177,facilitytype,restaurant
52177,dbaname,bambi
52185,location,(41.80839591793109
52185,facilitytype,restaurant
52185,dbaname,bambi
52196,location,(42.008536400868735
52196,address,11601 w touhy ave
52196,dbaname,host international inc
52233,location,(42.008536400868735
52233,address,11601 w touhy ave
52233,dbaname,host international inc
52256,location,(41.84467072147077
52256,address,2637 s throop st
52256,dbaname,helados mundos
52263,location,(41.913468230167666
52263,address,1720-1780 n marcey st
52263,dbaname,binnys beverage depot
52281,location,(41.884083234870886
52281,facilitytype,school
52281,dbaname,montessori academy of chicago i
52307,location,(41.90367478181266
52307,facilitytype,restaurant
52307,dbaname,chicago q
52352,location,(41.884083234870886
52352,facilitytype,daycare combo 1586
52352,dbaname,montessori academy of chicago i
52436,location,(41.884083234870886
52436,facilitytype,daycare combo 1586
52436,dbaname,montessori academy of chicago i
52592,location,(41.907572250968755
52592,facilitytype,school
52592,dbaname,british school of chicago
52617,location,(42.008536400868735
52617,address,11601 w touhy ave
52617,dbaname,host international inc
52662,location,(41.77883224217794
52662,address,3816-3818 w 63rd st
52662,dbaname,la quebrada #5
52671,location,(41.77883224217794
52671,address,3816-3818 w 63rd st
52671,dbaname,la quebrada #5
52686,location,(41.884187507127805
52686,facilitytype,restaurant
52686,dbaname,beavers coffee & donuts
52846,location,(41.87279886935482
52846,facilitytype,employee kitchen
52846,dbaname,chicago hilton & towers
52847,location,(41.87279886935482
52847,facilitytype,restaurant
52847,dbaname,chicago hilton & towers
52848,location,(41.87279886935482
52848,facilitytype,restaurant
52848,dbaname,chicago hilton & towers
52919,location,(41.903372713964224
52919,address,1804-1806 w division st
52919,dbaname,smoke daddy
52933,location,(41.93300409973139
52933,address,420 1/2 w diversey pkwy
52933,dbaname,duffys tavern & grille
52962,location,(41.93300409973139
52962,address,420 1/2 w diversey pkwy
52962,dbaname,duffys tavern & grille
52992,location,(41.93575126195393
52992,address,3018-3020 n cicero ave
52992,dbaname,sol de mexico tierra azteca
53019,location,(41.93300409973139
53019,address,420-422 w diversey pkwy
53019,dbaname,duffys tavern & grille
53026,location,(41.93300409973139
53026,address,420-422 w diversey pkwy
53026,dbaname,duffys tavern & grille
53068,location,(41.93300409973139
53068,address,420 1/2 w diversey pkwy
53068,dbaname,duffys tavern & grille
53268,location,(41.73204913540182
53268,address,8940-8942 s stony island ave
53268,dbaname,family den
53315,location,(41.77139058907717
53315,address,4308-4310 w marquette rd
53315,dbaname,mis tacos mexican food
53346,location,(41.931981578313795
53346,address,2815-2817 w diversey ave
53346,dbaname,l patron
53350,location,(41.931981578313795
53350,address,2815-2817 w diversey ave
53350,dbaname,l patron
53370,location,(41.94000063078428
53370,address,3246 n central ave
53370,dbaname,retro cafe restaurant
53524,location,(41.96315679416602
53524,address,4503 n kedzie ave
53524,dbaname,el original gallo bravo
53549,location,(41.83827010545886
53549,address,420-422 w 31st st
53549,dbaname,chinese kitchen and sushi
53550,location,(41.83827010545886
53550,address,420-422 w 31st st
53550,dbaname,chinese kitchen and sushi
53559,location,(41.83827010545886
53559,address,420-422 w 31st st
53559,dbaname,chinese kitchen and sushi
53658,location,(41.95453268893165
53658,address,4000-4004 n sheridan rd
53658,dbaname,holiday club
53666,location,(41.94000063078428
53666,address,3246 n central ave
53666,dbaname,retro cafe restaurant
53742,location,(41.884187507127805
53742,facilitytype,restaurant
53742,dbaname,beavers coffee & donuts
53758,location,(41.73204913540182
53758,address,8940-8942 s stony island ave
53758,dbaname,family den
53820,location,(41.655906736353224
53820,facilitytype,daycare (2 - 6 years)
53820,dbaname,altgeld gardens daycare
53879,location,(41.83827010545886
53879,address,420-422 w 31st st
53879,dbaname,chinese kitchen and sushi
53934,location,(41.92793172691967
53934,address,2555 n pulaski rd
53934,dbaname,el cubanito
53998,location,(41.95453268893165
53998,address,4000-4004 n sheridan rd
53998,dbaname,holiday club
54001,location,(41.83827010545886
54001,address,420-422 w 31st st
54001,dbaname,chinese kitchen and sushi
54011,location,(41.83827010545886
54011,address,420-422 w 31st st
54011,dbaname,chinese kitchen and sushi
54054,location,(41.655906736353224
54054,facilitytype,daycare (2 - 6 years)
54054,dbaname,altgeld gardens daycare
54245,location,(41.884187507127805
54245,facilitytype,restaurant
54245,dbaname,beavers coffee & donuts
54301,location,(41.92690699536436
54301,address,2453 n halsted st
54301,dbaname,noodles in the pot
54312,location,(41.77868468007933
54312,facilitytype,daycare (2 - 6 years)
54312,dbaname,the learning circle
54364,location,(41.73204913540182
54364,address,8940-8942 s stony island ave
54364,dbaname,family den
54373,location,(41.836371827384944
54373,facilitytype,restaurant
54373,dbaname,illinois institute of technology
54380,location,(41.836371827384944
54380,facilitytype,restaurant
54380,dbaname,illinois institute of technology
54383,location,(41.836371827384944
54383,facilitytype,restaurant
54383,dbaname,illinois institute of technology
54400,location,(41.884187507127805
54400,facilitytype,restaurant
54400,dbaname,beavers coffee & donuts
54610,location,(41.943251259237634
54610,address,2232-2234 w roscoe st
54610,dbaname,lush wine & spirits
54614,location,(41.943251259237634
54614,address,2232-2234 w roscoe st
54614,dbaname,lush wine & spirits
54622,location,(41.943251259237634
54622,address,2232-2234 w roscoe st
54622,dbaname,lush wine & spirits
54724,location,(41.99798375025185
54724,address,2032-2034 w devon ave
54724,dbaname,ghareeb nawaz restaurant
54741,location,(41.94497417145062
54741,address,3463-3467 n broadway bldg
54741,dbaname,rocks lakeview
54747,location,(41.94497417145062
54747,address,3463-3467 n broadway bldg
54747,dbaname,rocks lakeview
54871,location,(41.77868468007933
54871,facilitytype,daycare (2 - 6 years)
54871,dbaname,the learning circle
54914,location,(41.94497417145062
54914,address,3463-3467 n broadway bldg
54914,dbaname,rocks lakeview
54923,location,(41.94497417145062
54923,address,3463-3467 n broadway bldg
54923,dbaname,rocks lakeview
54924,location,(41.8716986890444
54924,address,805 s state st
54924,dbaname,lou malnatis pizzeria
54935,location,(41.77868468007933
54935,facilitytype,daycare (2 - 6 years)
54935,dbaname,the learning circle
55246,location,(41.97533413581096
55246,facilitytype,restaurant
55246,dbaname,swedish covenant hospital
55426,location,(41.995855875363404
55426,facilitytype,nursing home
55426,address,6300 n california ave
55426,dbaname,astoria place living and rehab
55519,location,(41.91031368817502
55519,address,2838 w north ave
55519,dbaname,burger king #10797
55949,location,(41.94002723561704
55949,address,958 - 960 w belmont ave
55949,dbaname,cheesies pub & grub
56106,location,(42.00273166409286
56106,address,6727-6733 n olmsted ave
56106,dbaname,morettis
56115,location,(42.00273166409286
56115,address,6727-6733 n olmsted ave
56115,dbaname,morettis
56117,location,(42.00273166409286
56117,address,6727-6733 n olmsted ave
56117,dbaname,morettis
56120,location,(42.00273166409286
56120,address,6727-6733 n olmsted ave
56120,dbaname,morettis
56167,location,(41.951064053085005
56167,address,3800-3804 n clark st
56167,dbaname,uncommon ground
56288,location,(41.94002723561704
56288,address,958 - 960 w belmont ave
56288,dbaname,cheesies pub & grub
56363,location,(41.96857277212391
56363,address,3142-3148 w lawrence ave
56363,dbaname,lindo michoacan
56643,location,(42.00273166409286
56643,address,6727-6733 n olmsted ave
56643,dbaname,morettis
56682,location,(41.951064053085005
56682,address,3800-3804 n clark st
56682,dbaname,uncommon ground
56733,location,(41.96857277212391
56733,address,3142-3148 w lawrence ave
56733,dbaname,lindo michoacan
56791,location,(41.96857277212391
56791,address,3142-3148 w lawrence ave
56791,dbaname,lindo michoacan
56806,location,(41.91849213778706
56806,address,2008 n halsted st
56806,dbaname,subway
57063,location,(41.91849213778706
57063,address,2008 n halsted st
57063,dbaname,subway
57093,location,(41.91767649798009
57093,address,2003-2009 n western ave
57093,dbaname,lazos tacos
57338,location,(41.89896533484934
57338,facilitytype,school
57338,address,900 n north branch st
57338,dbaname,kendall college
57460,location,(41.87532906210967
57460,address,3435 w van buren
57460,dbaname,rml chicago
57680,location,(41.94738145671126
57680,address,3632-3640 n pulaski rd
57680,dbaname,la villa
57858,location,(41.83827010545886
57858,address,420-422 w 31st st
57858,dbaname,chinese kitchen and sushi
57883,location,(41.998008500459655
57883,facilitytype,daycare (2 - 6 years)
57883,dbaname,out on faith learning center
57958,location,(41.9498572587634
57958,facilitytype,restaurant
57958,address,3733 n southport ave
57958,dbaname,music box theatre
58122,location,(42.008536400868735
58122,address,11601 w touhy ave
58122,dbaname,host international inc
58166,location,(41.733410005055205
58166,facilitytype,bakery
58166,dbaname,marzeya bakery
58168,location,(42.008536400868735
58168,facilitytype,ohare kiosk
58168,dbaname,garrett popcorn shops
58249,location,(41.96079002270176
58249,address,4400 n cicero ave
58249,address,4400-4412 n cicero ave
58249,dbaname,citgo food mart
58340,location,(41.89896533484934
58340,facilitytype,school
58340,address,900 n north branch st
58340,dbaname,kendall college
58641,location,(41.913468230167666
58641,address,1720-1780 n marcey st
58641,dbaname,binnys beverage depot
58645,location,(41.913468230167666
58645,address,1720-1780 n marcey st
58645,dbaname,binnys beverage depot
58646,location,(41.913468230167666
58646,address,1720-1780 n marcey st
58646,dbaname,binnys beverage depot
58652,location,(41.913468230167666
58652,address,1720-1780 n marcey st
58652,dbaname,binnys beverage depot
58674,location,(41.81621346608599
58674,address,4310-4314 s prairie ave
58674,dbaname,the game
58787,location,(41.87279886935482
58787,facilitytype,employee kitchen
58787,dbaname,chicago hilton & towers
58793,location,(41.852124048673375
58793,facilitytype,restaurant
58793,dbaname,cermak live poultry
58909,location,(41.87686736408027
58909,facilitytype,school
58909,dbaname,robert morris college
58911,location,(41.87686736408027
58911,facilitytype,restaurant
58911,dbaname,robert morris college
58940,location,(41.96079002270176
58940,address,4400-4412 n cicero ave
58940,dbaname,citgo food mart
59020,location,(42.008536400868735
59020,address,11601 w touhy ave
59020,dbaname,host international inc
59061,location,(41.9498572587634
59061,facilitytype,restaurant
59061,address,3733 n southport ave
59061,dbaname,music box theatre
59101,location,(41.88458626715456
59101,address,100 w randolph st
59101,dbaname,dunkin donuts
59140,location,(41.81621346608599
59140,address,4310-4312 s prairie ave
59140,dbaname,the game
59219,location,(41.88458626715456
59219,address,100 w randolph st ste c-19
59219,dbaname,dunkin donuts
59229,location,(41.93575126195393
59229,address,3018-3020 n cicero ave
59229,dbaname,sol de mexico tierra azteca
59250,location,(41.96857277212391
59250,address,3142-3148 w lawrence ave
59250,dbaname,lindo michoacan
59292,location,(41.9845361933454
59292,address,5633-5635 n ashland ave
59292,dbaname,lalibela restaurant
59635,location,(41.86464672961594
59635,address,2401 w ogden ave
59635,dbaname,burger king #11967
59784,location,(41.9845361933454
59784,address,5633-5635 n ashland ave
59784,dbaname,lalibela restaurant
59829,location,(41.85104667463312
59829,facilitytype,pantry
59829,address,2301 s indiana ave
59829,dbaname,mccormick place
59834,location,(41.85104667463312
59834,facilitytype,restaurant
59834,address,2301 s indiana ave
59834,dbaname,mccormick place
59840,location,(41.85104667463312
59840,facilitytype,restaurant
59840,address,2301 s indiana ave
59840,dbaname,mccormick place
59841,location,(41.85104667463312
59841,facilitytype,restaurant
59841,address,2301 s indiana ave
59841,dbaname,mccormick place
59844,location,(41.85104667463312
59844,facilitytype,restaurant
59844,address,2301 s indiana ave
59844,dbaname,mccormick place
59860,location,(41.88183546590967
59860,facilitytype,restaurant
59860,dbaname,dunkin donuts
59962,location,(41.990520089587605
59962,address,5951-5953 n broadway
59962,dbaname,indie cafe
59978,location,(41.862628294037634
59978,address,1410 s museum campus dr
59978,dbaname,sport service soldier field
59980,location,(41.862628294037634
59980,address,1410 s museum campus dr.
59980,dbaname,sport service soldier field
60024,location,(41.96079002270176
60024,address,4400-4412 n cicero ave
60024,dbaname,citgo food mart
60217,location,(42.008536400868735
60217,address,11601 w touhy ave
60217,dbaname,host international inc
60497,location,(41.990520089587605
60497,address,5951-5953 n broadway
60497,dbaname,indie cafe
60562,location,(41.749873806501896
60562,facilitytype,daycare above and under 2 years
60562,dbaname,pathways to learning child care center
60667,location,(41.90988374801486
60667,address,3601 w north ave
60667,dbaname,andys cafe
60679,location,(41.90988374801486
60679,address,3601 w north ave
60679,dbaname,andys cafe
60697,location,(41.74988142522215
60697,facilitytype,restaurant
60697,dbaname,pathways to learning
60699,location,(41.77139058907717
60699,address,4308-4310 w marquette rd
60699,dbaname,mis tacos mexican food
60744,location,(41.749873806501896
60744,facilitytype,restaurant
60744,dbaname,pathways to learning child care center
60746,location,(41.749873806501896
60746,facilitytype,daycare above and under 2 years
60746,dbaname,pathways to learning child care center
60762,location,(41.74988142522215
60762,facilitytype,restaurant
60762,dbaname,pathways to learning
60814,location,(41.883040604417964
60814,address,101-111 n western ave
60814,dbaname,dunkin donuts
60961,location,(41.749914910076974
60961,facilitytype,daycare (2 - 6 years)
60961,dbaname,lordanchild christian day care inc.
60968,location,(41.749914910076974
60968,facilitytype,restaurant
60968,dbaname,lordanchild christian day care inc.
60989,location,(41.92259746567477
60989,address,2294 1/2 n milwaukee ave
60989,dbaname,cozy corner diner and pancake house
61141,location,(41.93624830273888
61141,address,2945-2947 n broadway ave
61141,dbaname,pastoral
61158,location,(41.90367478181266
61158,facilitytype,restaurant
61158,dbaname,chicago q
61168,location,(41.99798375025185
61168,address,2032-2034 w devon ave
61168,dbaname,ghareeb nawaz restaurant
61178,location,(41.75111680314462
61178,facilitytype,daycare above and under 2 years
61178,dbaname,perfect beginnings child development center
61179,location,(41.75111680314462
61179,facilitytype,daycare above and under 2 years
61179,dbaname,perfect beginnings child development center
61241,location,(41.75111680314462
61241,facilitytype,daycare above and under 2 years
61241,dbaname,perfect beginnings child development center
61315,location,(41.99496878030707
61315,address,6249-6251 n milwaukee
61315,dbaname,ings china king
61381,location,(41.80058537744086
61381,address,4334-4338 w 51st st
61381,dbaname,supermercado rivera inc.
61395,location,(41.80058537744086
61395,address,4334-4338 w 51st st
61395,dbaname,supermercado rivera inc.
61404,location,(41.94497417145062
61404,address,3463-3467 n broadway bldg
61404,dbaname,rocks lakeview
61504,location,(41.73945838739822
61504,facilitytype,restaurant
61504,dbaname,new knowledge learning center
61512,location,(41.73945838739822
61512,facilitytype,daycare (2 - 6 years)
61512,dbaname,new knowledge learning center
61528,location,(41.94231341336203
61528,address,3313-3319 n broadway
61528,dbaname,wakamono
61565,location,(41.94497417145062
61565,address,3463-3467 n broadway bldg
61565,dbaname,rocks lakeview
61584,location,(41.90367478181266
61584,facilitytype,restaurant
61584,dbaname,chicago q
61621,location,(41.93624830273888
61621,address,2945-2947 n broadway ave
61621,dbaname,pastoral
61687,location,(41.94231341336203
61687,address,3313-3319 n broadway
61687,dbaname,wakamono
61717,location,(41.943432313397565
61717,address,3400 n ashland ave
61717,dbaname,cafe el tapatio
61883,location,(41.852124048673375
61883,facilitytype,restaurant
61883,dbaname,cermak live poultry
61926,location,(41.94231341336203
61926,address,3313-3319 n broadway
61926,dbaname,wakamono
62178,location,(41.86697696574831
62178,facilitytype,daycare (2 - 6 years)
62178,dbaname,gilchrist marchman head start
62179,location,(41.86697696574831
62179,facilitytype,daycare (2 - 6 years)
62179,dbaname,gilchrist marchman head start
62180,location,(41.86697696574831
62180,facilitytype,daycare (2 - 6 years)
62180,dbaname,gilchrist marchman head start
62251,location,(41.94231341336203
62251,address,3313-3319 n broadway
62251,dbaname,wakamono
62525,location,(41.77868468007933
62525,facilitytype,daycare (2 - 6 years)
62525,dbaname,the learning circle
62640,location,(41.880709192327906
62640,facilitytype,restaurant
62640,dbaname,taste bud banquet hall & restaurant
62965,location,(41.95447294997719
62965,facilitytype,restaurant
62965,dbaname,filipino american council
62975,location,(41.95447294997719
62975,facilitytype,restaurant
62975,dbaname,filipino american council
63070,location,(41.8716986890444
63070,address,805-811 s state st bldg
63070,dbaname,lou malnatis pizzeria
63176,location,(41.852124048673375
63176,facilitytype,restaurant
63176,dbaname,cermak live poultry
63444,location,(41.89925505559848
63444,address,10-20 e delaware st
63444,dbaname,the talbott hotel
63500,location,(41.862628294037634
63500,address,1410 s museum campus dr.
63500,dbaname,sport service soldier field
63501,location,(41.862628294037634
63501,address,1410 s museum campus dr
63501,dbaname,sport service soldier field
63502,location,(41.862628294037634
63502,address,1410 s museum campus dr
63502,dbaname,sport service soldier field
63532,location,(41.949373985863005
63532,address,3714 n southport ave
63532,dbaname,cafe avanti
63533,location,(41.949373985863005
63533,address,3714 n southport ave bldg
63533,dbaname,cafe avanti
63536,location,(41.949373985863005
63536,address,3714 n southport ave
63536,dbaname,cafe avanti
63639,location,(41.8716986890444
63639,address,805-811 s state st bldg
63639,dbaname,lou malnatis pizzeria
63710,location,(41.89896533484934
63710,facilitytype,college
63710,address,900 n north branch st
63710,dbaname,kendall college
63735,location,(42.008536400868735
63735,address,11601 w touhy ave
63735,dbaname,host international inc
63879,location,(41.89896533484934
63879,facilitytype,school
63879,address,900 n north branch st
63879,dbaname,kendall college
63888,location,(41.89896533484934
63888,facilitytype,restaurant
63888,address,900 n north branch st
63888,dbaname,kendall college
63891,location,(41.95310433686163
63891,address,3920 n clark st apt
63891,dbaname,clark/irving apartments
63894,location,(41.95310433686163
63894,address,3920 n clark st apt
63894,dbaname,clark/irving apartments
63898,location,(41.89896533484934
63898,facilitytype,restaurant
63898,address,900 n north branch st
63898,dbaname,kendall college
64045,location,(41.89896533484934
64045,facilitytype,restaurant
64045,address,900 n north branch st
64045,dbaname,kendall college
64056,location,(41.89896533484934
64056,facilitytype,restaurant
64056,address,900 n north branch st
64056,dbaname,kendall college
64084,location,(41.89896533484934
64084,facilitytype,school
64084,address,900 n north branch st
64084,dbaname,kendall college
64105,location,(41.96048824521629
64105,facilitytype,restaurant
64105,dbaname,kids world day care
64117,location,(41.881241456803345
64117,address,1901 w madison
64117,dbaname,bismarck enterprises/united
64119,location,(41.881241456803345
64119,address,1901 w madison st
64119,dbaname,bismarck enterprises/united
64147,location,(41.89896533484934
64147,facilitytype,school
64147,address,900 n north branch st
64147,dbaname,kendall college
64183,location,(41.94738145671126
64183,address,3632-3640 n pulaski rd
64183,dbaname,la villa
64282,location,(41.89896533484934
64282,facilitytype,school
64282,address,900 n north branch st
64282,dbaname,kendall college
64284,location,(41.706792177425825
64284,facilitytype,daycare above and under 2 years
64284,dbaname,the lords hands daycare
64293,location,(41.89896533484934
64293,facilitytype,school
64293,address,900 n north branch st
64293,dbaname,kendall college
64294,location,(41.89896533484934
64294,facilitytype,school
64294,address,900 n north branch st
64294,dbaname,kendall college
64295,location,(41.89896533484934
64295,facilitytype,school
64295,address,900 n north branch st
64295,dbaname,kendall college
64298,location,(41.89896533484934
64298,facilitytype,school
64298,address,900 n north branch st
64298,dbaname,kendall college
64357,location,(41.83827010545886
64357,address,420-422 w 31st st
64357,dbaname,chinese kitchen and sushi
64374,location,(41.89896533484934
64374,facilitytype,school
64374,address,900 n north branch st
64374,dbaname,kendall college
64379,location,(41.89896533484934
64379,facilitytype,school
64379,address,900 n north branch st
64379,dbaname,the river walk at kendall
64384,location,(41.89896533484934
64384,facilitytype,school
64384,address,900 n north branch st
64384,dbaname,kendall college
64385,location,(41.89896533484934
64385,facilitytype,school
64385,address,900 n north branch st
64385,dbaname,kendall college
64444,location,(41.95447294997719
64444,facilitytype,restaurant
64444,dbaname,filipino american council
64491,location,(41.87633988339735
64491,facilitytype,restaurant
64491,dbaname,canteen @ malcolm x college
64632,location,(41.89983492074242
64632,facilitytype,restaurant
64632,dbaname,waldorf astoria chicago
64667,location,(41.89983492074242
64667,facilitytype,restaurant
64667,dbaname,waldorf astoria chicago
64956,location,(41.9793096533148
64956,facilitytype,school
64956,dbaname,brickton montessori school
64972,location,(41.9793096533148
64972,facilitytype,school
64972,dbaname,brickton montessori school
65066,location,(41.90367478181266
65066,facilitytype,restaurant
65066,dbaname,chicago q
65235,location,(41.90315323488667
65235,address,1805-1809 w division st
65235,dbaname,bob san sushi bar
65340,location,(41.90315323488667
65340,address,1805-1809 w division st
65340,dbaname,bob san sushi bar
65857,location,(41.951064053085005
65857,address,3800-3804 n clark st
65857,dbaname,uncommon ground
65892,location,(41.78027237989979
65892,address,717-719 e 63rd st
65892,dbaname,kidz creative concepts learning center
65893,location,(41.80058537744086
65893,address,4334-4338 w 51st st
65893,dbaname,supermercado rivera inc.
66202,location,(42.008536400868735
66202,address,11601 w touhy ave
66202,dbaname,host international inc
66253,location,(41.9498572587634
66253,facilitytype,restaurant
66253,address,3733 n southport ave
66253,dbaname,music box theatre
66256,location,(41.852124048673375
66256,facilitytype,live poultry
66256,dbaname,cermak live poultry
66266,location,(41.88188622746245
66266,facilitytype,restaurant
66266,dbaname,lloyds chicago restaurant
66300,location,(41.83920683228708
66300,address,3020 s halsted st
66300,dbaname,mcdonalds
66411,location,(41.90790946673667
66411,facilitytype,daycare
66411,dbaname,american kidz academy
66475,location,(41.9175377631419
66475,facilitytype,daycare 1023
66475,dbaname,american kidz academy
66527,location,(41.943432313397565
66527,address,3400 n ashland ave
66527,dbaname,cafe el tapatio
66554,location,(41.93300409973139
66554,address,420 1/2 w diversey pkwy
66554,dbaname,duffys tavern & grille
66703,location,(41.93300409973139
66703,address,420 1/2 w diversey pkwy
66703,dbaname,duffys tavern & grille
66779,location,(42.008536400868735
66779,dbaname,host international inc.
66779,zip,60606
66781,location,(41.943432313397565
66781,address,3400 n ashland ave
66781,dbaname,cafe el tapatio
66834,location,(41.93114908503803
66834,facilitytype,paleteria
66834,dbaname,paleteria oso polar
66911,location,(41.75089104659266
66911,address,7900 s lafayette ave
66911,dbaname,citgo fuel & mini mart
67129,location,(41.93300409973139
67129,address,420 1/2 w diversey pkwy
67129,dbaname,duffys tavern & grille
67341,location,(41.71334157464564
67341,facilitytype,daycare (2 - 6 years)
67341,dbaname,beverly montessori school
67453,location,(41.71334157464564
67453,facilitytype,daycare (2 - 6 years)
67453,dbaname,beverly montessori school
67454,location,(41.71334157464564
67454,facilitytype,daycare (2 - 6 years)
67454,dbaname,beverly montessori school
67484,location,(42.008536400868735
67484,address,11601 w touhy ave
67484,dbaname,host international inc
67530,location,(41.91031368817502
67530,address,2838 w north ave
67530,dbaname,burger king #10797
67645,location,(41.931981578313795
67645,address,2815-2817 w diversey ave
67645,dbaname,l patron
67819,location,(41.90654324873866
67819,facilitytype,restaurant
67819,address,1366-1368 n milwaukee ave
67819,dbaname,emporium arcade bar
67819,zip,60622
67830,location,(41.97581636638969
67830,address,2301-2303 w foster ave
67830,dbaname,dorado restaurant
67831,location,(41.97581636638969
67831,address,2301-2303 w foster ave
67831,dbaname,dorado restaurant
67858,location,(41.990520089587605
67858,address,5951-5953 n broadway
67858,dbaname,indie cafe
67877,location,(41.91849213778706
67877,address,2008 n halsted st
67877,dbaname,subway
67910,location,(41.91849213778706
67910,address,2008 n halsted st
67910,dbaname,subway
68051,location,(41.83920683228708
68051,address,3020 s halsted st
68051,dbaname,mcdonalds
68167,location,(41.90654324873866
68167,facilitytype,restaurant
68167,address,1366-1368 n milwaukee ave
68167,dbaname,emporium arcade bar
68167,zip,60622
68176,location,(41.791761831643065
68176,facilitytype,restaurant
68176,dbaname,little people learning
68216,location,(41.90654324873866
68216,facilitytype,restaurant
68216,address,1366 n milwaukee ave
68216,dbaname,emporium arcade bar
68216,zip,60642
68250,location,(41.99800008495619
68250,facilitytype,daycare combo 1586
68250,dbaname,little kiddies inc.
68298,location,(41.91031368817502
68298,address,2838 w north ave
68298,dbaname,burger king #10797
68325,location,(41.75089104659266
68325,address,7900 s lafayette ave
68325,dbaname,citgo fuel & mini mart
68531,location,(41.79361538661615
68531,address,5456 s kedzie ave
68531,dbaname,dollar & up group
68543,location,(41.79361538661615
68543,address,5456-5460 s kedzie ave
68543,dbaname,dollar & up group
68615,location,(41.880225571810314
68615,facilitytype,restaurant
68615,dbaname,little folks cottage inc
68674,location,(41.75089104659266
68674,address,7900 s lafayette ave
68674,dbaname,citgo fuel & mini mart
68690,location,(41.791761831643065
68690,facilitytype,restaurant
68690,dbaname,little people learning
68807,location,(41.91849213778706
68807,address,2008 n halsted st
68807,dbaname,subway
69013,location,(41.91849213778706
69013,address,2008 n halsted st
69013,dbaname,subway
69061,location,(42.008536400868735
69061,address,11601 w touhy ave
69061,dbaname,host international inc
69081,location,(42.008536400868735
69081,dbaname,host international inc.
69081,zip,60666
69174,location,(41.8716986890444
69174,address,805-811 s state st bldg
69174,dbaname,lou malnatis pizzeria
